﻿Designator,Footprint,Quantity,Value,LCSC Part #
AE1,pcb_antenna,1,PCB_Antenna,
"C1, C10, C3, C9",0402,4,4.7uF,
"C11, C12",0402,2,12pF,
C13,0402,1,1pF,
C14,0402,1,1.2pF,
"C15, C16, C7",0402,3,1uF,
"C2, C4",0402,2,100nF,
C5,0402,1,100pF,
C6,0402,1,820pF,
C8,0402,1,47nF,
"D1, D10, D11, D12, D13, D14, D15, D16, D17, D18, D19, D2, D20, D21, D22, D3, D4, D5, D6, D7, D8, D9",D_SOD-123,22,1N5819,
"D23, D24, D25, D26, D27, D28, D29, D30, D31, D32, D33, D34, D35, D36, D37, D38, D39, D40, D41, D42",SK6812-MINI-E,20,SK6812MINI,
F1,0603,1,500mA,C210357
J1,PinHeader_1x02_P1.00mm_Vertical,1,Conn_01x02,
J2,PinHeader_1x04_P1.00mm_Vertical,1,SWD_Connector,
J3,USB_C_Receptacle_XKB_U262-16XN-4BVC11,1,USB_C_Receptacle_USB2.0_14P,C963213
"L1, L3",1008,2,10uH, C280469
L2,0201,1,15nH,
L4,0201,1,4.7nH,
L5,0201,1,2.2nH,
Q1,SOT-23,1,BSS138,
R1,0201,1,100K,
"R2, R3, R6, R7",0201,4,10K,
"R4, R5",0201,2,5.1k,
SW1,SW_SPST_TL3342,1,Reset Button,
"SW10, SW11, SW12, SW13, SW14, SW15, SW16, SW17, SW18, SW19, SW20, SW21, SW22, SW3, SW4, SW5, SW6, SW7, SW8, SW9",SW_Hotswap_Kailh_Choc_V1V2_1.00u,20,SW_Push,
SW2,SW_CK_JS202011AQN_DPDT_Angled,1,SW_On_Off,
SW23,SW_Hotswap_Kailh_Choc_V1V2_1.75u_90deg,1,SW_Push,
U1,Nordic_AQFN-73-1EP_7x7mm_P0.5mm,1,nRF52840,
U2,SOT-23-6,1,USBLC6-2SC6,
U3,SOT-223-3_TabPin2,1,AMS1117-5.0,
Y1,Crystal_SMD_2520-4Pin_2.5x2.0mm,1,JYJE 2TJ432000NYFBC, C2149238
