﻿Designator,Footprint,Quantity,Value,LCSC Part #
"AE1_2, AE1",pcb_antenna,2,PCB_Antenna,
"C1_2, C1, C10_2, C10, C3_2, C3, C9_2, C9",0402,8,4.7uF,
"C11_2, C11, C12_2, C12",0402,4,12pF,
"C13_2, C13",0402,2,1pF,
"C14_2, C14",0402,2,1.2pF,
"C15_2, C15, C16_2, C16, C7_2, C7",0402,6,1uF,
"C2_2, C2, C4_2, C4",0402,4,100nF,
"C5_2, C5",0402,2,100pF,
"C6_2, C6",0402,2,820pF,
"C8_2, C8",0402,2,47nF,
"D1_2, D1, D10_2, D10, D11_2, D11, D12_2, D12, D13_2, D13, D14_2, D14, D15_2, D15, D16_2, D16, D17_2, D17, D18_2, D18, D19_2, D19, D2_2, D2, D20_2, D20, D21_2, D21, D22_2, D22, D3_2, D3, D4_2, D4, D5_2, D5, D6_2, D6, D7_2, D7, D8_2, D8, D9_2, D9",D_SOD-123,44,1N5819,
"D23_2, D23, D24_2, D24, D25_2, D25, D26_2, D26, D27_2, D27, D28_2, D28, D29_2, D29, D30_2, D30, D31_2, D31, D32_2, D32, D33_2, D33, D34_2, D34, D35_2, D35, D36_2, D36, D37_2, D37, D38_2, D38, D39_2, D39, D40_2, D40, D41_2, D41, D42_2, D42",SK6812-MINI-E,40,SK6812MINI,
"F1_2, F1",0603,2,500mA,C210357
"J1_2, J1",PinHeader_1x02_P1.00mm_Vertical,2,Conn_01x02,
"J2_2, J2",PinHeader_1x04_P1.00mm_Vertical,2,SWD_Connector,
"J3_2, J3",USB_C_Receptacle_XKB_U262-16XN-4BVC11,2,USB_C_Receptacle_USB2.0_14P,C963213
"L1_2, L1, L3_2, L3",1008,4,10uH, C280469
"L2_2, L2",0201,2,15nH,
"L4_2, L4",0201,2,4.7nH,
"L5_2, L5",0201,2,2.2nH,
"Q1_2, Q1",SOT-23,2,BSS138,
"R1_2, R1",0201,2,100K,
"R2_2, R2, R3_2, R3, R6_2, R6, R7_2, R7",0201,8,10K,
"R4_2, R4, R5_2, R5",0201,4,5.1k,
"SW1_2, SW1",SW_SPST_TL3342,2,Reset Button,
"SW10_2, SW10, SW11_2, SW11, SW12_2, SW12, SW13_2, SW13, SW14_2, SW14, SW15_2, SW15, SW16_2, SW16, SW17_2, SW17, SW18_2, SW18, SW19_2, SW19, SW20_2, SW20, SW21_2, SW21, SW22_2, SW22, SW3_2, SW3, SW4_2, SW4, SW5_2, SW5, SW6_2, SW6, SW7_2, SW7, SW8_2, SW8, SW9_2, SW9",SW_Hotswap_Kailh_Choc_V1V2_1.00u,40,SW_Push,
"SW2_2, SW2",SW_CK_JS202011AQN_DPDT_Angled,2,SW_On_Off,
"SW23_2, SW23",SW_Hotswap_Kailh_Choc_V1V2_1.75u_90deg,2,SW_Push,
"U1_2, U1",Nordic_AQFN-73-1EP_7x7mm_P0.5mm,2,nRF52840,
"U2_2, U2",SOT-23-6,2,USBLC6-2SC6,
"U3_2, U3",SOT-223-3_TabPin2,2,AMS1117-5.0,
"Y1_2, Y1",Crystal_SMD_2520-4Pin_2.5x2.0mm,2,JYJE 2TJ432000NYFBC, C2149238
