﻿Designator,Footprint,Quantity,Value,LCSC Part #
"AE65, AE66",ANTC5020X110N,2,Antenna_Chip,
"C10, C19, C24, C26",0603,4,4.7uF,
"C11, C12, C15, C16, C27, C28, C31, C32",0402,8,12pF,
"C13, C29",0603,2,1pF,
"C14, C30",0603,2,1.2pF,
"C18, C2",0603,2,100nF,
"C20, C4, C41, C42, C43, C44, C47, C48, C49, C50, C51, C52, C53, C54, C55, C56, C57, C58, C59, C60, C61, C62, C63, C64, C65, C66, C67, C68, C69, C70, C71, C72, C73, C74, C75, C76, C77, C78, C79, C80, C81, C82, C83, C84, C85, C86",0402,46,100nF,
"C21, C5",0402,2,100pF,
"C22, C6",0402,2,820pF,
"C23, C39, C40, C7",0402,4,1uF,
"C25, C87, C88, C89, C9, C90, C91, C92",0402,8,4.7uF,
"D10, D11, D12, D13, D14, D15, D16, D17, D18, D19, D2, D20, D21, D22, D3, D4, D44, D45, D46, D47, D48, D49, D5, D50, D51, D52, D53, D54, D55, D56, D57, D58, D59, D6, D60, D61, D62, D63, D64, D7, D8, D9",D_SOD-123,42,1N5819,
"D23, D24, D25, D26, D27, D28, D29, D30, D31, D32, D33, D34, D35, D36, D37, D38, D39, D40, D41, D42, D65, D66, D67, D68, D69, D70, D71, D72, D73, D74, D75, D76, D77, D78, D79, D80, D81, D82, D83, D84",LED_6028R,40,SK6812MINI-E,
"F1, F2",0603,2,500mA,C210357
"J1, J4",PinHeader_1x02_P1.00mm_Vertical,2,Conn_01x02,
"J2, J5",PinHeader_1x04_P1.00mm_Vertical,2,SWD_Connector,
"J3, J6",USB_C_Receptacle_G-Switch_GT-USB-7010ASV,2,USB_C_Receptacle_USB2.0_16P,C2988369
"L10, L5",0402,2,2.2nH,
"L4, L9",0402,2,4.7nH,
"Q5, Q6",SOT-23,2,AO3401A,C347476
"Q7, Q8",SOT-23,2,2N7002, C916396
"R1, R8",0402,2,100K,
"R10, R3",0402,2,2M,
"R11, R12, R4, R5",0402,4,5.1k,
"R13, R14, R16, R18, R20, R22",0402,6,10k,
"R2, R9",0402,2,806k,
"R27, R28",0402,2,3.9k,
"R29, R30, R31, R32, R33, R34",0402,6,1.5k,
"R6, R7",0402,2,100R,
"SW1, SW24",SW_SPST_TL3342,2,Reset Button,
"SW10, SW11, SW12, SW13, SW14, SW15, SW16, SW17, SW18, SW19, SW20, SW21, SW22, SW26, SW27, SW28, SW29, SW3, SW30, SW31, SW32, SW33, SW34, SW35, SW36, SW37, SW38, SW39, SW4, SW40, SW41, SW42, SW43, SW44, SW45, SW5, SW6, SW7, SW8, SW9",SW_Hotswap_Kailh_Choc_V1V2_1.00u,40,SW_Push,
"SW2, SW25",SW_CK_JS202011AQN_DPDT_Angled,2,SW_On_Off,
"SW23, SW46",SW_Hotswap_Kailh_Choc_V1V2_1.75u_90deg,2,SW_Push,
"U10, U9",SOT-363_SC-70-6,2,TXB0101DCK,C324081
"U11, U12",VQFN-16-1EP_3x3mm_P0.5mm_EP1.6x1.6mm,2,BQ24075RGT,
"U2, U5",SOT-23-6,2,USBLC6-2SC6,
"U7, U8",QFN-40-1EP_5x5mm_P0.4mm_EP3.6x3.6mm,2,nRF52833_QDxx,  C2895249
"Y1, Y2",Crystal_SMD_2520-4Pin_2.5x2.0mm,2,32MHz, C2149238
"Y3, Y4",Crystal_SMD_3215-2Pin_3.2x1.5mm,2,32.768 kHz,C5213671
