﻿pos_x,pos_y,rotation,side,designator,mpn,pack,footprint,value,mount_type
246.62,-133.265,0.0,bottom,AE1,,,pcb_antenna,PCB_Antenna,smt
44.16,-133.215,180.0,top,AE2,,,pcb_antenna,PCB_Antenna,smt
255.4,-121.7,90.0,bottom,C1,,,C_0603_1608Metric,4.7uF,smt
252.48,-121.09,-90.0,bottom,C10,,,C_0603_1608Metric,4.7uF,smt
245.62,-131.575,180.0,bottom,C11,,,C_0402_1005Metric,12pF,smt
245.62,-130.655,180.0,bottom,C12,,,C_0402_1005Metric,12pF,smt
253.64,-130.855,180.0,bottom,C13,,,C_0603_1608Metric,1pF,smt
253.645,-132.375,0.0,bottom,C14,,,C_0603_1608Metric,1.2pF,smt
247.36,-120.905,90.0,bottom,C15,,,C_0402_1005Metric,12pF,smt
46.41,-118.855,180.0,bottom,C16,,,C_0402_1005Metric,12pF,smt
49.11,-122.22,90.0,bottom,C17,,,C_0603_1608Metric,4.7uF,smt
104.07,-127.27,90.0,bottom,C18,,,C_0603_1608Metric,100nF,smt
47.58,-122.225,90.0,bottom,C19,,,C_0603_1608Metric,4.7uF,smt
188.48,-126.705,90.0,bottom,C2,,,C_0603_1608Metric,100nF,smt
40.57,-124.295,180.0,bottom,C20,,,C_0402_1005Metric,100nF,smt
44.2,-131.635,-90.0,bottom,C21,,,C_0402_1005Metric,100pF,smt
47.15,-130.495,0.0,bottom,C22,,,C_0402_1005Metric,820pF,smt
40.57,-126.175,180.0,bottom,C23,,,C_0402_1005Metric,1uF,smt
40.57,-127.095,180.0,bottom,C24,,,C_0402_1005Metric,47nF,smt
48.66,-124.915,0.0,bottom,C25,,,C_0402_1005Metric,4.7uF,smt
46.03,-122.22,-90.0,bottom,C26,,,C_0603_1608Metric,4.7uF,smt
37.92,-131.405,90.0,bottom,C27,,,C_0402_1005Metric,12pF,smt
41.94,-132.235,-90.0,bottom,C28,,,C_0402_1005Metric,12pF,smt
48.35,-131.685,180.0,bottom,C29,,,C_0603_1608Metric,1pF,smt
253.94,-121.09,90.0,bottom,C3,,,C_0603_1608Metric,4.7uF,smt
48.36,-133.145,0.0,bottom,C30,,,C_0603_1608Metric,1.2pF,smt
248.29,-121.655,90.0,bottom,C31,,,C_0402_1005Metric,12pF,smt
39.45,-122.935,90.0,bottom,C32,,,C_0402_1005Metric,12pF,smt
253.87,-105.865,90.0,bottom,C33,,,C_0805_2012Metric,100pF,smt
33.73,-101.895,0.0,bottom,C34,,,C_0805_2012Metric,100pF,smt
255.83,-105.865,-90.0,bottom,C35,,,C_0805_2012Metric,22uF,smt
32.94,-106.525,-90.0,bottom,C36,,,C_0805_2012Metric,22uF,smt
252.63,-102.465,90.0,bottom,C37,,,C_0805_2012Metric,1uF,smt
38.24,-106.345,-90.0,bottom,C38,,,C_0805_2012Metric,1uF,smt
246.92,-123.965,0.0,bottom,C39,,,C_0402_1005Metric,1uF,smt
246.92,-123.045,180.0,bottom,C4,,,C_0402_1005Metric,100nF,smt
40.57,-125.225,0.0,bottom,C40,,,C_0402_1005Metric,1uF,smt
246.92,-128.315,0.0,bottom,C41,,,C_0402_1005Metric,100nF,smt
40.57,-129.275,0.0,bottom,C42,,,C_0402_1005Metric,100nF,smt
255.54,-127.065,180.0,bottom,C43,,,C_0402_1005Metric,100nF,smt
55.81,-129.635,0.0,bottom,C44,,,C_0402_1005Metric,100nF,smt
250.31,-130.065,-90.0,bottom,C5,,,C_0402_1005Metric,100pF,smt
253.59,-129.275,0.0,bottom,C6,,,C_0402_1005Metric,820pF,smt
246.92,-124.885,180.0,bottom,C7,,,C_0402_1005Metric,1uF,smt
246.92,-125.805,180.0,bottom,C8,,,C_0402_1005Metric,47nF,smt
254.94,-123.655,0.0,bottom,C9,,,C_0402_1005Metric,4.7uF,smt
239.96,-95.755,90.0,bottom,D1,,,D_SOD-123,1N5819,smt
203.755,-83.738276,90.0,bottom,D10,,,D_SOD-123,1N5819,smt
221.755,-89.404976,90.0,bottom,D11,,,D_SOD-123,1N5819,smt
149.755,-106.404976,90.0,bottom,D12,,,D_SOD-123,1N5819,smt
167.755,-100.738276,90.0,bottom,D13,,,D_SOD-123,1N5819,smt
185.755,-95.071676,90.0,bottom,D14,,,D_SOD-123,1N5819,smt
203.755,-100.738276,90.0,bottom,D15,,,D_SOD-123,1N5819,smt
221.755,-106.404976,90.0,bottom,D16,,,D_SOD-123,1N5819,smt
149.755,-123.404976,90.0,bottom,D17,,,D_SOD-123,1N5819,smt
167.755,-117.738276,90.0,bottom,D18,,,D_SOD-123,1N5819,smt
185.755,-112.071676,90.0,bottom,D19,,,D_SOD-123,1N5819,smt
149.755,-72.404976,90.0,bottom,D2,,,D_SOD-123,1N5819,smt
203.755,-117.738276,90.0,bottom,D20,,,D_SOD-123,1N5819,smt
221.755,-123.404976,90.0,bottom,D21,,,D_SOD-123,1N5819,smt
240.87,-112.925,90.0,bottom,D22,,,D_SOD-123,1N5819,smt
230.78,-132.215,0.0,bottom,D23,,,SK6812-MINI-E,SK6812MINI,tht
212.68,-126.4483,180.0,bottom,D24,,,SK6812-MINI-E,SK6812MINI,tht
194.68,-120.7817,0.0,bottom,D25,,,SK6812-MINI-E,SK6812MINI,tht
176.68,-126.4483,0.0,bottom,D26,,,SK6812-MINI-E,SK6812MINI,tht
158.68,-132.115,0.0,bottom,D27,,,SK6812-MINI-E,SK6812MINI,tht
230.78,-115.215,180.0,bottom,D28,,,SK6812-MINI-E,SK6812MINI,tht
212.68,-109.4483,180.0,bottom,D29,,,SK6812-MINI-E,SK6812MINI,tht
167.755,-66.738276,90.0,bottom,D3,,,D_SOD-123,1N5819,smt
194.58,-103.681702,180.0,bottom,D30,,,SK6812-MINI-E,SK6812MINI,tht
176.68,-109.4483,180.0,bottom,D31,,,SK6812-MINI-E,SK6812MINI,tht
158.68,-115.115,180.0,bottom,D32,,,SK6812-MINI-E,SK6812MINI,tht
230.78,-98.215,0.0,bottom,D33,,,SK6812-MINI-E,SK6812MINI,tht
212.78,-92.5483,0.0,bottom,D34,,,SK6812-MINI-E,SK6812MINI,tht
194.68,-86.7817,0.0,bottom,D35,,,SK6812-MINI-E,SK6812MINI,tht
176.78,-92.5483,0.0,bottom,D36,,,SK6812-MINI-E,SK6812MINI,tht
158.78,-98.215,0.0,bottom,D37,,,SK6812-MINI-E,SK6812MINI,tht
230.78,-81.215,180.0,bottom,D38,,,SK6812-MINI-E,SK6812MINI,tht
212.68,-75.4483,180.0,bottom,D39,,,SK6812-MINI-E,SK6812MINI,tht
185.755,-61.071676,90.0,bottom,D4,,,D_SOD-123,1N5819,smt
194.68,-69.7817,180.0,bottom,D40,,,SK6812-MINI-E,SK6812MINI,tht
176.68,-75.4483,180.0,bottom,D41,,,SK6812-MINI-E,SK6812MINI,tht
158.68,-81.115,180.0,bottom,D42,,,SK6812-MINI-E,SK6812MINI,tht
55.26,-95.645,0.0,bottom,D43,,,D_SOD-123,1N5819,smt
124.22,-72.4183,90.0,bottom,D44,,,D_SOD-123,1N5819,smt
106.22,-66.7516,90.0,bottom,D45,,,D_SOD-123,1N5819,smt
88.22,-61.085,90.0,bottom,D46,,,D_SOD-123,1N5819,smt
70.22,-66.7516,90.0,bottom,D47,,,D_SOD-123,1N5819,smt
52.22,-72.4183,90.0,bottom,D48,,,D_SOD-123,1N5819,smt
124.22,-89.4183,90.0,bottom,D49,,,D_SOD-123,1N5819,smt
203.755,-66.738276,90.0,bottom,D5,,,D_SOD-123,1N5819,smt
106.22,-83.7516,90.0,bottom,D50,,,D_SOD-123,1N5819,smt
88.22,-78.085,90.0,bottom,D51,,,D_SOD-123,1N5819,smt
70.22,-83.7516,90.0,bottom,D52,,,D_SOD-123,1N5819,smt
52.22,-89.4183,90.0,bottom,D53,,,D_SOD-123,1N5819,smt
124.22,-106.4183,90.0,bottom,D54,,,D_SOD-123,1N5819,smt
106.22,-100.7516,90.0,bottom,D55,,,D_SOD-123,1N5819,smt
88.22,-95.085,90.0,bottom,D56,,,D_SOD-123,1N5819,smt
70.22,-100.7516,90.0,bottom,D57,,,D_SOD-123,1N5819,smt
52.22,-106.4183,90.0,bottom,D58,,,D_SOD-123,1N5819,smt
124.22,-123.4183,90.0,bottom,D59,,,D_SOD-123,1N5819,smt
221.755,-72.404976,90.0,bottom,D6,,,D_SOD-123,1N5819,smt
106.22,-117.7516,90.0,bottom,D60,,,D_SOD-123,1N5819,smt
88.22,-112.085,90.0,bottom,D61,,,D_SOD-123,1N5819,smt
70.22,-117.7516,90.0,bottom,D62,,,D_SOD-123,1N5819,smt
52.22,-123.4183,90.0,bottom,D63,,,D_SOD-123,1N5819,smt
36.32,-113.9183,90.0,bottom,D64,,,D_SOD-123,1N5819,smt
60.38,-132.1817,180.0,bottom,D65,,,SK6812-MINI-E,SK6812MINI,tht
78.38,-126.515,180.0,bottom,D66,,,SK6812-MINI-E,SK6812MINI,tht
96.48,-120.7484,180.0,bottom,D67,,,SK6812-MINI-E,SK6812MINI,tht
114.38,-126.515,180.0,bottom,D68,,,SK6812-MINI-E,SK6812MINI,tht
132.38,-132.1817,180.0,bottom,D69,,,SK6812-MINI-E,SK6812MINI,tht
149.755,-89.404976,90.0,bottom,D7,,,D_SOD-123,1N5819,smt
60.38,-115.1817,0.0,bottom,D70,,,SK6812-MINI-E,SK6812MINI,tht
78.38,-109.515,0.0,bottom,D71,,,SK6812-MINI-E,SK6812MINI,tht
96.38,-103.8484,0.0,bottom,D72,,,SK6812-MINI-E,SK6812MINI,tht
114.38,-109.515,0.0,bottom,D73,,,SK6812-MINI-E,SK6812MINI,tht
132.48,-115.0817,0.0,bottom,D74,,,SK6812-MINI-E,SK6812MINI,tht
60.38,-98.1817,180.0,bottom,D75,,,SK6812-MINI-E,SK6812MINI,tht
78.38,-92.515,180.0,bottom,D76,,,SK6812-MINI-E,SK6812MINI,tht
96.38,-86.8484,180.0,bottom,D77,,,SK6812-MINI-E,SK6812MINI,tht
114.48,-92.415,180.0,bottom,D78,,,SK6812-MINI-E,SK6812MINI,tht
132.48,-98.0817,180.0,bottom,D79,,,SK6812-MINI-E,SK6812MINI,tht
167.755,-83.738276,90.0,bottom,D8,,,D_SOD-123,1N5819,smt
60.38,-81.1817,0.0,bottom,D80,,,SK6812-MINI-E,SK6812MINI,tht
78.38,-75.515,0.0,bottom,D81,,,SK6812-MINI-E,SK6812MINI,tht
96.38,-69.8484,0.0,bottom,D82,,,SK6812-MINI-E,SK6812MINI,tht
114.38,-75.515,0.0,bottom,D83,,,SK6812-MINI-E,SK6812MINI,tht
132.38,-81.1817,0.0,bottom,D84,,,SK6812-MINI-E,SK6812MINI,tht
185.755,-78.071676,90.0,bottom,D9,,,D_SOD-123,1N5819,smt
236.36,-67.275,180.0,bottom,F1,,,Fuse_0603_1608Metric,500mA,smt
67.1275,-65.825,180.0,bottom,F2,,,Fuse_0603_1608Metric,500mA,smt
241.49,-136.055,0.0,top,FID1,,,Fiducial_1.5mm_Mask3mm,Fiducial,smt
73.33,-60.585,0.0,top,FID2,,,Fiducial_1.5mm_Mask3mm,Fiducial,smt
207.07,-60.795,0.0,top,FID3,,,Fiducial_1.5mm_Mask3mm,Fiducial,smt
239.905,-101.571676,180.0,top,J1,,,PinHeader_1x02_P1.00mm_Vertical,Conn_01x02,tht
257.8,-125.235,0.0,top,J2,,,PinHeader_1x04_P1.00mm_Vertical,SWD_Connector,tht
228.6,-61.401676,0.0,bottom,J3,,,USB_C_Receptacle_G-Switch_GT-USB-7025,USB_C_Receptacle_USB2.0_16P,smt
51.22,-99.985,0.0,top,J4,,,PinHeader_1x02_P1.00mm_Vertical,Conn_01x02,tht
52.32,-126.935,180.0,bottom,J5,,,PinHeader_1x04_P1.00mm_Vertical,SWD_Connector,tht
61.295,-61.375,0.0,bottom,J6,,,USB_C_Receptacle_G-Switch_GT-USB-7025,USB_C_Receptacle_USB2.0_16P,smt
46.4,-132.24,-90.0,bottom,L10,,,L_0402_1005Metric,2.2nH,smt
255.195,-100.495,0.0,bottom,L3,,,L_0402_1005Metric,1uH,smt
251.63,-131.18,-90.0,bottom,L4,,,L_0402_1005Metric,4.7nH,smt
251.18,-132.645,180.0,bottom,L5,,,L_0402_1005Metric,2.2nH,smt
37.74,-103.66,90.0,bottom,L8,,,L_0402_1005Metric,1uH,smt
45.18,-131.015,-90.0,bottom,L9,,,L_0402_1005Metric,4.7nH,smt
241.0025,-127.035,180.0,bottom,Q1,,,SOT-23,BSS138,smt
35.31,-127.245,180.0,bottom,Q2,,,SOT-23,BSS138,smt
198.555,-126.871676,-90.0,bottom,R1,,,R_0402_1005Metric,100K,smt
39.69,-117.485,90.0,bottom,R10,,,R_0402_1005Metric,10K,smt
67.72,-61.44,-90.0,bottom,R11,,,R_0402_1005Metric,5.1k,smt
67.72,-63.33,90.0,bottom,R12,,,R_0402_1005Metric,5.1k,smt
35.01,-129.475,0.0,bottom,R13,,,R_0402_1005Metric,10K,smt
32.72,-126.755,-90.0,bottom,R14,,,R_0402_1005Metric,10K,smt
252.39,-106.125,90.0,bottom,R15,,,R_0402_1005Metric,786k,smt
33.0,-103.345,0.0,bottom,R16,,,R_0402_1005Metric,786k,smt
251.92,-104.685,180.0,bottom,R17,,,R_0402_1005Metric,243k,smt
32.99,-104.295,180.0,bottom,R18,,,R_0402_1005Metric,243k,smt
244.54,-114.885,-90.0,bottom,R2,,,R_0402_1005Metric,10K,smt
243.51,-114.885,90.0,bottom,R3,,,R_0402_1005Metric,10K,smt
223.78,-66.105,-90.0,bottom,R4,,,R_0402_1005Metric,5.1k,smt
233.48,-66.075,-90.0,bottom,R5,,,R_0402_1005Metric,5.1k,smt
243.5,-126.905,-90.0,bottom,R6,,,R_0402_1005Metric,10K,smt
240.1,-129.335,180.0,bottom,R7,,,R_0402_1005Metric,10K,smt
93.85,-125.255,90.0,bottom,R8,,,R_0402_1005Metric,100K,smt
38.75,-117.485,-90.0,bottom,R9,,,R_0402_1005Metric,10K,smt
193.565,-126.689976,180.0,bottom,SW1,,,SW_SPST_TL3342,Reset Button,smt
194.565,-81.856676,0.0,top,SW10,,,SW_Hotswap_Kailh_Choc_V1V2_1.00u,SW_Push,smt
212.565,-87.523376,0.0,top,SW11,,,SW_Hotswap_Kailh_Choc_V1V2_1.00u,SW_Push,smt
230.565,-93.189976,0.0,top,SW12,,,SW_Hotswap_Kailh_Choc_V1V2_1.00u,SW_Push,smt
158.565,-110.189976,0.0,top,SW13,,,SW_Hotswap_Kailh_Choc_V1V2_1.00u,SW_Push,smt
176.565,-104.523376,0.0,top,SW14,,,SW_Hotswap_Kailh_Choc_V1V2_1.00u,SW_Push,smt
194.565,-98.856676,0.0,top,SW15,,,SW_Hotswap_Kailh_Choc_V1V2_1.00u,SW_Push,smt
212.565,-104.523376,0.0,top,SW16,,,SW_Hotswap_Kailh_Choc_V1V2_1.00u,SW_Push,smt
230.565,-110.189976,0.0,top,SW17,,,SW_Hotswap_Kailh_Choc_V1V2_1.00u,SW_Push,smt
158.565,-127.189976,0.0,top,SW18,,,SW_Hotswap_Kailh_Choc_V1V2_1.00u,SW_Push,smt
176.565,-121.523376,0.0,top,SW19,,,SW_Hotswap_Kailh_Choc_V1V2_1.00u,SW_Push,smt
243.005,-102.521676,0.0,bottom,SW2,,,SW_CK_JS202011AQN_DPDT_Angled,SW_On_Off,tht
194.565,-115.856676,0.0,top,SW20,,,SW_Hotswap_Kailh_Choc_V1V2_1.00u,SW_Push,smt
212.565,-121.523376,0.0,top,SW21,,,SW_Hotswap_Kailh_Choc_V1V2_1.00u,SW_Push,smt
230.565,-127.189976,0.0,top,SW22,,,SW_Hotswap_Kailh_Choc_V1V2_1.00u,SW_Push,smt
248.065,-117.439976,0.0,top,SW23,,,SW_Hotswap_Kailh_Choc_V1V2_1.75u_90deg,SW_Push,smt
98.83,-126.7033,180.0,bottom,SW24,,,SW_SPST_TL3342,Reset Button,smt
42.72,-102.535,0.0,bottom,SW25,,,SW_CK_JS202011AQN_DPDT_Angled,SW_On_Off,tht
132.33,-76.2033,0.0,top,SW26,,,SW_Hotswap_Kailh_Choc_V1V2_1.00u,SW_Push,smt
114.33,-70.5366,0.0,top,SW27,,,SW_Hotswap_Kailh_Choc_V1V2_1.00u,SW_Push,smt
96.33,-64.87,0.0,top,SW28,,,SW_Hotswap_Kailh_Choc_V1V2_1.00u,SW_Push,smt
78.33,-70.5366,0.0,top,SW29,,,SW_Hotswap_Kailh_Choc_V1V2_1.00u,SW_Push,smt
158.565,-76.189976,0.0,top,SW3,,,SW_Hotswap_Kailh_Choc_V1V2_1.00u,SW_Push,smt
60.33,-76.2033,0.0,top,SW30,,,SW_Hotswap_Kailh_Choc_V1V2_1.00u,SW_Push,smt
132.33,-93.2033,0.0,top,SW31,,,SW_Hotswap_Kailh_Choc_V1V2_1.00u,SW_Push,smt
114.33,-87.5366,0.0,top,SW32,,,SW_Hotswap_Kailh_Choc_V1V2_1.00u,SW_Push,smt
96.33,-81.87,0.0,top,SW33,,,SW_Hotswap_Kailh_Choc_V1V2_1.00u,SW_Push,smt
78.33,-87.5366,0.0,top,SW34,,,SW_Hotswap_Kailh_Choc_V1V2_1.00u,SW_Push,smt
60.33,-93.2033,0.0,top,SW35,,,SW_Hotswap_Kailh_Choc_V1V2_1.00u,SW_Push,smt
132.33,-110.2033,0.0,top,SW36,,,SW_Hotswap_Kailh_Choc_V1V2_1.00u,SW_Push,smt
114.33,-104.5366,0.0,top,SW37,,,SW_Hotswap_Kailh_Choc_V1V2_1.00u,SW_Push,smt
96.33,-98.87,0.0,top,SW38,,,SW_Hotswap_Kailh_Choc_V1V2_1.00u,SW_Push,smt
78.33,-104.5366,0.0,top,SW39,,,SW_Hotswap_Kailh_Choc_V1V2_1.00u,SW_Push,smt
176.565,-70.523376,0.0,top,SW4,,,SW_Hotswap_Kailh_Choc_V1V2_1.00u,SW_Push,smt
60.33,-110.2033,0.0,top,SW40,,,SW_Hotswap_Kailh_Choc_V1V2_1.00u,SW_Push,smt
132.33,-127.2033,0.0,top,SW41,,,SW_Hotswap_Kailh_Choc_V1V2_1.00u,SW_Push,smt
114.33,-121.5366,0.0,top,SW42,,,SW_Hotswap_Kailh_Choc_V1V2_1.00u,SW_Push,smt
96.33,-115.87,0.0,top,SW43,,,SW_Hotswap_Kailh_Choc_V1V2_1.00u,SW_Push,smt
78.33,-121.5366,0.0,top,SW44,,,SW_Hotswap_Kailh_Choc_V1V2_1.00u,SW_Push,smt
60.33,-127.2033,0.0,top,SW45,,,SW_Hotswap_Kailh_Choc_V1V2_1.00u,SW_Push,smt
42.83,-118.7033,0.0,top,SW46,,,SW_Hotswap_Kailh_Choc_V1V2_1.75u_90deg,SW_Push,smt
194.565,-64.856676,0.0,top,SW5,,,SW_Hotswap_Kailh_Choc_V1V2_1.00u,SW_Push,smt
212.565,-70.523376,0.0,top,SW6,,,SW_Hotswap_Kailh_Choc_V1V2_1.00u,SW_Push,smt
230.565,-76.189976,0.0,top,SW7,,,SW_Hotswap_Kailh_Choc_V1V2_1.00u,SW_Push,smt
158.565,-93.189976,0.0,top,SW8,,,SW_Hotswap_Kailh_Choc_V1V2_1.00u,SW_Push,smt
176.565,-87.523376,0.0,top,SW9,,,SW_Hotswap_Kailh_Choc_V1V2_1.00u,SW_Push,smt
237.19,-82.105,-90.0,bottom,U2,,,SOT-23-6,USBLC6-2SC6,smt
254.86,-102.565,90.0,bottom,U4,,,WSON-8-1EP_2x2mm_P0.5mm_EP0.9x1.6mm,TPS61252DSG,smt
69.35,-77.055,-90.0,bottom,U5,,,SOT-23-6,USBLC6-2SC6,smt
35.59,-104.315,0.0,bottom,U6,,,WSON-8-1EP_2x2mm_P0.5mm_EP0.9x1.6mm,TPS61252DSG,smt
250.93,-125.6725,-90.0,bottom,U7,,,QFN-40-1EP_5x5mm_P0.4mm_EP3.6x3.6mm,nRF52833_QDxx,smt
44.5825,-126.935,-90.0,bottom,U8,,,QFN-40-1EP_5x5mm_P0.4mm_EP3.6x3.6mm,nRF52833_QDxx,smt
248.03,-130.545,90.0,bottom,Y1,,,Crystal_SMD_2520-4Pin_2.5x2.0mm,32MHz,smt
39.98,-131.44,90.0,bottom,Y2,,,Crystal_SMD_2520-4Pin_2.5x2.0mm,32MHz,smt
244.57,-120.625,0.0,bottom,Y3,,,Crystal_SMD_3215-2Pin_3.2x1.5mm,32.768 kHz,smt
41.91,-122.685,0.0,bottom,Y4,,,Crystal_SMD_3215-2Pin_3.2x1.5mm,32.768 kHz,smt
