﻿pos_x,pos_y,rotation,side,designator,mpn,pack,footprint,value,mount_type
246.62,-133.265,0.0,bottom,AE1,,,pcb_antenna,PCB_Antenna,smt
44.16,-133.215,180.0,top,AE2,,,pcb_antenna,PCB_Antenna,smt
254.52,-120.78,90.0,bottom,C1,,,C_0603_1608Metric,4.7uF,smt
255.5,-126.735,0.0,bottom,C10,,,C_0402_1005Metric,4.7uF,smt
244.885,-131.235,180.0,bottom,C11,,,C_0603_1608Metric,12pF,smt
244.955,-129.595,180.0,bottom,C12,,,C_0603_1608Metric,12pF,smt
253.64,-130.855,180.0,bottom,C13,,,C_0603_1608Metric,1pF,smt
253.645,-132.375,0.0,bottom,C14,,,C_0603_1608Metric,1.2pF,smt
251.36,-117.69,-90.0,bottom,C15,,,C_0603_1608Metric,12pF,smt
-50.9125,-104.365,0.0,top,C16,,,C_0603_1608Metric,12pF,smt
-35.905,-110.98,0.0,top,C17,,,C_0603_1608Metric,4.7uF,smt
-27.9175,-81.145,0.0,top,C18,,,C_0603_1608Metric,100nF,smt
-35.905,-113.49,0.0,top,C19,,,C_0603_1608Metric,4.7uF,smt
188.48,-126.705,90.0,bottom,C2,,,C_0603_1608Metric,100nF,smt
42.77,-122.875,90.0,bottom,C20,,,C_0402_1005Metric,100nF,smt
44.2,-131.635,-90.0,bottom,C21,,,C_0402_1005Metric,100pF,smt
48.81,-129.755,0.0,bottom,C22,,,C_0402_1005Metric,820pF,smt
40.24,-126.095,180.0,bottom,C23,,,C_0402_1005Metric,1uF,smt
40.24,-127.095,180.0,bottom,C24,,,C_0402_1005Metric,47nF,smt
48.66,-124.915,0.0,bottom,C25,,,C_0402_1005Metric,4.7uF,smt
39.89,-129.085,180.0,bottom,C26,,,C_0402_1005Metric,4.7uF,smt
36.81,-132.385,180.0,bottom,C27,,,C_0603_1608Metric,12pF,smt
36.81,-130.585,180.0,bottom,C28,,,C_0603_1608Metric,12pF,smt
48.83,-131.055,180.0,bottom,C29,,,C_0603_1608Metric,1pF,smt
252.99,-120.77,90.0,bottom,C3,,,C_0603_1608Metric,4.7uF,smt
48.36,-132.615,0.0,bottom,C30,,,C_0603_1608Metric,1.2pF,smt
244.37,-119.405,0.0,bottom,C31,,,C_0603_1608Metric,12pF,smt
-50.9125,-106.875,0.0,top,C32,,,C_0603_1608Metric,12pF,smt
255.81,-108.685,180.0,bottom,C33,,,C_0805_2012Metric,100pF,smt
-44.8575,-80.795,0.0,top,C34,,,C_0805_2012Metric,100pF,smt
257.8,-105.305,90.0,bottom,C35,,,C_0805_2012Metric,22uF,smt
-44.8575,-83.805,0.0,top,C36,,,C_0805_2012Metric,22uF,smt
253.15,-105.285,90.0,bottom,C37,,,C_0805_2012Metric,1uF,smt
-44.8575,-86.815,0.0,top,C38,,,C_0805_2012Metric,1uF,smt
247.28,-122.445,90.0,bottom,C4,,,C_0402_1005Metric,100nF,smt
250.31,-130.065,-90.0,bottom,C5,,,C_0402_1005Metric,100pF,smt
253.59,-129.275,0.0,bottom,C6,,,C_0402_1005Metric,820pF,smt
246.7,-124.665,180.0,bottom,C7,,,C_0402_1005Metric,1uF,smt
246.72,-125.695,180.0,bottom,C8,,,C_0402_1005Metric,47nF,smt
255.01,-123.665,0.0,bottom,C9,,,C_0402_1005Metric,4.7uF,smt
239.96,-95.755,90.0,bottom,D1,,,D_SOD-123,1N5819,smt
203.755,-83.738276,90.0,bottom,D10,,,D_SOD-123,1N5819,smt
221.755,-89.404976,90.0,bottom,D11,,,D_SOD-123,1N5819,smt
149.755,-106.404976,90.0,bottom,D12,,,D_SOD-123,1N5819,smt
167.755,-100.738276,90.0,bottom,D13,,,D_SOD-123,1N5819,smt
185.755,-95.071676,90.0,bottom,D14,,,D_SOD-123,1N5819,smt
203.755,-100.738276,90.0,bottom,D15,,,D_SOD-123,1N5819,smt
221.755,-106.404976,90.0,bottom,D16,,,D_SOD-123,1N5819,smt
149.755,-123.404976,90.0,bottom,D17,,,D_SOD-123,1N5819,smt
167.755,-117.738276,90.0,bottom,D18,,,D_SOD-123,1N5819,smt
185.755,-112.071676,90.0,bottom,D19,,,D_SOD-123,1N5819,smt
149.755,-72.404976,90.0,bottom,D2,,,D_SOD-123,1N5819,smt
203.755,-117.738276,90.0,bottom,D20,,,D_SOD-123,1N5819,smt
221.755,-123.404976,90.0,bottom,D21,,,D_SOD-123,1N5819,smt
-22.96,-96.22,0.0,top,D22,,,D_SOD-123,1N5819,smt
233.205,-132.371676,0.0,bottom,D23,,,SK6812-MINI-E,SK6812MINI,tht
215.105,-126.604976,180.0,bottom,D24,,,SK6812-MINI-E,SK6812MINI,tht
197.105,-120.938376,0.0,bottom,D25,,,SK6812-MINI-E,SK6812MINI,tht
179.105,-126.604976,0.0,bottom,D26,,,SK6812-MINI-E,SK6812MINI,tht
161.105,-132.271676,0.0,bottom,D27,,,SK6812-MINI-E,SK6812MINI,tht
233.205,-115.371676,180.0,bottom,D28,,,SK6812-MINI-E,SK6812MINI,tht
215.105,-109.604976,180.0,bottom,D29,,,SK6812-MINI-E,SK6812MINI,tht
167.755,-66.738276,90.0,bottom,D3,,,D_SOD-123,1N5819,smt
197.005,-103.838378,180.0,bottom,D30,,,SK6812-MINI-E,SK6812MINI,tht
179.105,-109.604976,180.0,bottom,D31,,,SK6812-MINI-E,SK6812MINI,tht
161.105,-115.271676,180.0,bottom,D32,,,SK6812-MINI-E,SK6812MINI,tht
233.205,-98.371676,0.0,bottom,D33,,,SK6812-MINI-E,SK6812MINI,tht
215.205,-92.704976,0.0,bottom,D34,,,SK6812-MINI-E,SK6812MINI,tht
197.105,-86.938376,0.0,bottom,D35,,,SK6812-MINI-E,SK6812MINI,tht
179.205,-92.704976,0.0,bottom,D36,,,SK6812-MINI-E,SK6812MINI,tht
161.205,-98.371676,0.0,bottom,D37,,,SK6812-MINI-E,SK6812MINI,tht
233.205,-81.371676,180.0,bottom,D38,,,SK6812-MINI-E,SK6812MINI,tht
215.105,-75.604976,180.0,bottom,D39,,,SK6812-MINI-E,SK6812MINI,tht
185.755,-61.071676,90.0,bottom,D4,,,D_SOD-123,1N5819,smt
197.105,-69.938376,180.0,bottom,D40,,,SK6812-MINI-E,SK6812MINI,tht
179.105,-75.604976,180.0,bottom,D41,,,SK6812-MINI-E,SK6812MINI,tht
161.105,-81.271676,180.0,bottom,D42,,,SK6812-MINI-E,SK6812MINI,tht
-34.99,-123.95,0.0,top,D43,,,D_SOD-123,1N5819,smt
124.22,-72.4183,90.0,bottom,D44,,,D_SOD-123,1N5819,smt
106.22,-66.7516,90.0,bottom,D45,,,D_SOD-123,1N5819,smt
88.22,-61.085,90.0,bottom,D46,,,D_SOD-123,1N5819,smt
70.22,-66.7516,90.0,bottom,D47,,,D_SOD-123,1N5819,smt
52.22,-72.4183,90.0,bottom,D48,,,D_SOD-123,1N5819,smt
124.22,-89.4183,90.0,bottom,D49,,,D_SOD-123,1N5819,smt
203.755,-66.738276,90.0,bottom,D5,,,D_SOD-123,1N5819,smt
106.22,-83.7516,90.0,bottom,D50,,,D_SOD-123,1N5819,smt
88.22,-78.085,90.0,bottom,D51,,,D_SOD-123,1N5819,smt
70.22,-83.7516,90.0,bottom,D52,,,D_SOD-123,1N5819,smt
52.22,-89.4183,90.0,bottom,D53,,,D_SOD-123,1N5819,smt
124.22,-106.4183,90.0,bottom,D54,,,D_SOD-123,1N5819,smt
106.22,-100.7516,90.0,bottom,D55,,,D_SOD-123,1N5819,smt
88.22,-95.085,90.0,bottom,D56,,,D_SOD-123,1N5819,smt
70.22,-100.7516,90.0,bottom,D57,,,D_SOD-123,1N5819,smt
52.22,-106.4183,90.0,bottom,D58,,,D_SOD-123,1N5819,smt
124.22,-123.4183,90.0,bottom,D59,,,D_SOD-123,1N5819,smt
221.755,-72.404976,90.0,bottom,D6,,,D_SOD-123,1N5819,smt
106.22,-117.7516,90.0,bottom,D60,,,D_SOD-123,1N5819,smt
88.22,-112.085,90.0,bottom,D61,,,D_SOD-123,1N5819,smt
70.22,-117.7516,90.0,bottom,D62,,,D_SOD-123,1N5819,smt
52.22,-123.4183,90.0,bottom,D63,,,D_SOD-123,1N5819,smt
36.32,-113.9183,90.0,bottom,D64,,,D_SOD-123,1N5819,smt
62.47,-132.285,180.0,bottom,D65,,,SK6812-MINI-E,SK6812MINI,tht
80.47,-126.6183,180.0,bottom,D66,,,SK6812-MINI-E,SK6812MINI,tht
98.57,-120.8517,180.0,bottom,D67,,,SK6812-MINI-E,SK6812MINI,tht
116.47,-126.6183,180.0,bottom,D68,,,SK6812-MINI-E,SK6812MINI,tht
134.47,-132.285,180.0,bottom,D69,,,SK6812-MINI-E,SK6812MINI,tht
149.755,-89.404976,90.0,bottom,D7,,,D_SOD-123,1N5819,smt
62.47,-115.285,0.0,bottom,D70,,,SK6812-MINI-E,SK6812MINI,tht
80.47,-109.6183,0.0,bottom,D71,,,SK6812-MINI-E,SK6812MINI,tht
98.47,-103.9517,0.0,bottom,D72,,,SK6812-MINI-E,SK6812MINI,tht
116.47,-109.6183,0.0,bottom,D73,,,SK6812-MINI-E,SK6812MINI,tht
134.57,-115.185,0.0,bottom,D74,,,SK6812-MINI-E,SK6812MINI,tht
62.47,-98.285,180.0,bottom,D75,,,SK6812-MINI-E,SK6812MINI,tht
80.47,-92.6183,180.0,bottom,D76,,,SK6812-MINI-E,SK6812MINI,tht
98.47,-86.9517,180.0,bottom,D77,,,SK6812-MINI-E,SK6812MINI,tht
116.57,-92.5183,180.0,bottom,D78,,,SK6812-MINI-E,SK6812MINI,tht
134.57,-98.185,180.0,bottom,D79,,,SK6812-MINI-E,SK6812MINI,tht
167.755,-83.738276,90.0,bottom,D8,,,D_SOD-123,1N5819,smt
62.47,-81.285,0.0,bottom,D80,,,SK6812-MINI-E,SK6812MINI,tht
80.47,-75.6183,0.0,bottom,D81,,,SK6812-MINI-E,SK6812MINI,tht
98.47,-69.9517,0.0,bottom,D82,,,SK6812-MINI-E,SK6812MINI,tht
116.47,-75.6183,0.0,bottom,D83,,,SK6812-MINI-E,SK6812MINI,tht
134.47,-81.285,0.0,bottom,D84,,,SK6812-MINI-E,SK6812MINI,tht
185.755,-78.071676,90.0,bottom,D9,,,D_SOD-123,1N5819,smt
231.06,-66.695,180.0,bottom,F1,,,Fuse_0603_1608Metric,500mA,smt
63.92,-76.7975,90.0,bottom,F2,,,Fuse_0603_1608Metric,500mA,smt
239.905,-101.571676,180.0,top,J1,,,PinHeader_1x02_P1.00mm_Vertical,Conn_01x02,tht
200.315,-125.689976,0.0,top,J2,,,PinHeader_1x04_P1.00mm_Vertical,SWD_Connector,tht
228.6,-61.401676,0.0,bottom,J3,,,USB_C_Receptacle_G-Switch_GT-USB-7025,USB_C_Receptacle_USB2.0_14P,smt
51.22,-99.985,0.0,top,J4,,,PinHeader_1x02_P1.00mm_Vertical,Conn_01x02,tht
91.62,-125.485,0.0,top,J5,,,PinHeader_1x04_P1.00mm_Vertical,SWD_Connector,tht
61.295,-61.375,0.0,bottom,J6,,,USB_C_Receptacle_G-Switch_GT-USB-7025,USB_C_Receptacle_USB2.0_14P,smt
245.23,-122.165,-90.0,bottom,L1,,,L_1008_2520Metric,10uH,smt
46.545,-131.435,0.0,bottom,L10,,,L_0201_0603Metric,2.2nH,smt
244.865,-124.705,0.0,bottom,L2,,,L_0201_0603Metric,15nH,smt
256.065,-102.595,0.0,bottom,L3,,,L_0402_1005Metric,1uH,smt
251.73,-131.62,-90.0,bottom,L4,,,L_0201_0603Metric,4.7nH,smt
251.39,-132.745,180.0,bottom,L5,,,L_0201_0603Metric,2.2nH,smt
40.03,-123.6,90.0,bottom,L6,,,L_1008_2520Metric,10uH,smt
38.77,-126.81,-90.0,bottom,L7,,,L_0201_0603Metric,15nH,smt
-17.975,-110.72,0.0,top,L8,,,L_0402_1005Metric,1uH,smt
45.36,-130.84,-90.0,bottom,L9,,,L_0201_0603Metric,4.7nH,smt
241.0025,-127.035,180.0,bottom,Q1,,,SOT-23,BSS138,smt
-14.075,-112.125,0.0,top,Q2,,,SOT-23,BSS138,smt
198.555,-126.871676,-90.0,bottom,R1,,,R_0402_1005Metric,100K,smt
-24.425,-122.01,0.0,top,R10,,,R_0402_1005Metric,10K,smt
67.72,-61.44,-90.0,bottom,R11,,,R_0402_1005Metric,5.1k,smt
67.72,-63.33,90.0,bottom,R12,,,R_0402_1005Metric,5.1k,smt
-17.975,-112.71,0.0,top,R13,,,R_0402_1005Metric,10K,smt
-17.975,-114.7,0.0,top,R14,,,R_0402_1005Metric,10K,smt
255.78,-110.305,180.0,bottom,R15,,,R_0402_1005Metric,786k,smt
-41.1775,-80.285,0.0,top,R16,,,R_0402_1005Metric,786k,smt
256.61,-111.485,0.0,bottom,R17,,,R_0402_1005Metric,243k,smt
-41.1775,-82.275,0.0,top,R18,,,R_0402_1005Metric,243k,smt
244.54,-114.885,-90.0,bottom,R2,,,R_0402_1005Metric,10K,smt
243.49,-114.875,90.0,bottom,R3,,,R_0402_1005Metric,10K,smt
223.78,-66.105,-90.0,bottom,R4,,,R_0402_1005Metric,5.1k,smt
233.48,-66.075,-90.0,bottom,R5,,,R_0402_1005Metric,5.1k,smt
243.5,-126.905,-90.0,bottom,R6,,,R_0402_1005Metric,10K,smt
240.1,-129.335,180.0,bottom,R7,,,R_0402_1005Metric,10K,smt
-24.4575,-80.885,0.0,top,R8,,,R_0402_1005Metric,100K,smt
-24.425,-120.02,0.0,top,R9,,,R_0402_1005Metric,10K,smt
193.565,-126.689976,180.0,bottom,SW1,,,SW_SPST_TL3342,Reset Button,smt
194.565,-81.856676,0.0,top,SW10,,,SW_Hotswap_Kailh_Choc_V1V2_1.00u,SW_Push,smt
212.565,-87.523376,0.0,top,SW11,,,SW_Hotswap_Kailh_Choc_V1V2_1.00u,SW_Push,smt
230.565,-93.189976,0.0,top,SW12,,,SW_Hotswap_Kailh_Choc_V1V2_1.00u,SW_Push,smt
158.565,-110.189976,0.0,top,SW13,,,SW_Hotswap_Kailh_Choc_V1V2_1.00u,SW_Push,smt
176.565,-104.523376,0.0,top,SW14,,,SW_Hotswap_Kailh_Choc_V1V2_1.00u,SW_Push,smt
194.565,-98.856676,0.0,top,SW15,,,SW_Hotswap_Kailh_Choc_V1V2_1.00u,SW_Push,smt
212.565,-104.523376,0.0,top,SW16,,,SW_Hotswap_Kailh_Choc_V1V2_1.00u,SW_Push,smt
230.565,-110.189976,0.0,top,SW17,,,SW_Hotswap_Kailh_Choc_V1V2_1.00u,SW_Push,smt
158.565,-127.189976,0.0,top,SW18,,,SW_Hotswap_Kailh_Choc_V1V2_1.00u,SW_Push,smt
176.565,-121.523376,0.0,top,SW19,,,SW_Hotswap_Kailh_Choc_V1V2_1.00u,SW_Push,smt
243.005,-102.521676,0.0,bottom,SW2,,,SW_CK_JS202011AQN_DPDT_Angled,SW_On_Off,tht
194.565,-115.856676,0.0,top,SW20,,,SW_Hotswap_Kailh_Choc_V1V2_1.00u,SW_Push,smt
212.565,-121.523376,0.0,top,SW21,,,SW_Hotswap_Kailh_Choc_V1V2_1.00u,SW_Push,smt
230.565,-127.189976,0.0,top,SW22,,,SW_Hotswap_Kailh_Choc_V1V2_1.00u,SW_Push,smt
248.065,-117.439976,0.0,top,SW23,,,SW_Hotswap_Kailh_Choc_V1V2_1.75u_90deg,SW_Push,smt
98.83,-126.7033,180.0,bottom,SW24,,,SW_SPST_TL3342,Reset Button,smt
42.72,-102.535,0.0,bottom,SW25,,,SW_CK_JS202011AQN_DPDT_Angled,SW_On_Off,tht
132.33,-76.2033,0.0,top,SW26,,,SW_Hotswap_Kailh_Choc_V1V2_1.00u,SW_Push,smt
114.33,-70.5366,0.0,top,SW27,,,SW_Hotswap_Kailh_Choc_V1V2_1.00u,SW_Push,smt
96.33,-64.87,0.0,top,SW28,,,SW_Hotswap_Kailh_Choc_V1V2_1.00u,SW_Push,smt
78.33,-70.5366,0.0,top,SW29,,,SW_Hotswap_Kailh_Choc_V1V2_1.00u,SW_Push,smt
158.565,-76.189976,0.0,top,SW3,,,SW_Hotswap_Kailh_Choc_V1V2_1.00u,SW_Push,smt
60.33,-76.2033,0.0,top,SW30,,,SW_Hotswap_Kailh_Choc_V1V2_1.00u,SW_Push,smt
132.33,-93.2033,0.0,top,SW31,,,SW_Hotswap_Kailh_Choc_V1V2_1.00u,SW_Push,smt
114.33,-87.5366,0.0,top,SW32,,,SW_Hotswap_Kailh_Choc_V1V2_1.00u,SW_Push,smt
96.33,-81.87,0.0,top,SW33,,,SW_Hotswap_Kailh_Choc_V1V2_1.00u,SW_Push,smt
78.33,-87.5366,0.0,top,SW34,,,SW_Hotswap_Kailh_Choc_V1V2_1.00u,SW_Push,smt
60.33,-93.2033,0.0,top,SW35,,,SW_Hotswap_Kailh_Choc_V1V2_1.00u,SW_Push,smt
132.33,-110.2033,0.0,top,SW36,,,SW_Hotswap_Kailh_Choc_V1V2_1.00u,SW_Push,smt
114.33,-104.5366,0.0,top,SW37,,,SW_Hotswap_Kailh_Choc_V1V2_1.00u,SW_Push,smt
96.33,-98.87,0.0,top,SW38,,,SW_Hotswap_Kailh_Choc_V1V2_1.00u,SW_Push,smt
78.33,-104.5366,0.0,top,SW39,,,SW_Hotswap_Kailh_Choc_V1V2_1.00u,SW_Push,smt
176.565,-70.523376,0.0,top,SW4,,,SW_Hotswap_Kailh_Choc_V1V2_1.00u,SW_Push,smt
60.33,-110.2033,0.0,top,SW40,,,SW_Hotswap_Kailh_Choc_V1V2_1.00u,SW_Push,smt
132.33,-127.2033,0.0,top,SW41,,,SW_Hotswap_Kailh_Choc_V1V2_1.00u,SW_Push,smt
114.33,-121.5366,0.0,top,SW42,,,SW_Hotswap_Kailh_Choc_V1V2_1.00u,SW_Push,smt
96.33,-115.87,0.0,top,SW43,,,SW_Hotswap_Kailh_Choc_V1V2_1.00u,SW_Push,smt
78.33,-121.5366,0.0,top,SW44,,,SW_Hotswap_Kailh_Choc_V1V2_1.00u,SW_Push,smt
60.33,-127.2033,0.0,top,SW45,,,SW_Hotswap_Kailh_Choc_V1V2_1.00u,SW_Push,smt
42.83,-118.7033,0.0,top,SW46,,,SW_Hotswap_Kailh_Choc_V1V2_1.75u_90deg,SW_Push,smt
194.565,-64.856676,0.0,top,SW5,,,SW_Hotswap_Kailh_Choc_V1V2_1.00u,SW_Push,smt
212.565,-70.523376,0.0,top,SW6,,,SW_Hotswap_Kailh_Choc_V1V2_1.00u,SW_Push,smt
230.565,-76.189976,0.0,top,SW7,,,SW_Hotswap_Kailh_Choc_V1V2_1.00u,SW_Push,smt
158.565,-93.189976,0.0,top,SW8,,,SW_Hotswap_Kailh_Choc_V1V2_1.00u,SW_Push,smt
176.565,-87.523376,0.0,top,SW9,,,SW_Hotswap_Kailh_Choc_V1V2_1.00u,SW_Push,smt
239.3825,-78.505,0.0,bottom,U2,,,SOT-23-6,USBLC6-2SC6,smt
255.49,-105.245,90.0,bottom,U4,,,WSON-8-1EP_2x2mm_P0.5mm_EP0.9x1.6mm,TPS61252DSG,smt
-27.3475,-77.67,0.0,top,U5,,,SOT-23-6,USBLC6-2SC6,smt
-14.31,-116.255,0.0,top,U6,,,WSON-8-1EP_2x2mm_P0.5mm_EP0.9x1.6mm,TPS61252DSG,smt
250.93,-125.6725,-90.0,bottom,U7,,,QFN-40-1EP_5x5mm_P0.4mm_EP3.6x3.6mm,nRF52833_QDxx,smt
44.5825,-126.935,-90.0,bottom,U8,,,QFN-40-1EP_5x5mm_P0.4mm_EP3.6x3.6mm,nRF52833_QDxx,smt
248.03,-130.545,90.0,bottom,Y1,,,Crystal_SMD_2520-4Pin_2.5x2.0mm,32MHz,smt
39.92,-131.445,90.0,bottom,Y2,,,Crystal_SMD_2520-4Pin_2.5x2.0mm,32MHz,smt
249.89,-121.245,0.0,bottom,Y3,,,Crystal_SMD_3215-2Pin_3.2x1.5mm,32.768 kHz,smt
-44.6675,-75.615,0.0,top,Y4,,,Crystal_SMD_3215-2Pin_3.2x1.5mm,32.768 kHz,smt
