﻿Designator,Quantity,Value,Footprint,Package,MPN,DNP,Mount_Type,Description,Sim.Device,Sim.Pins,LCSC
"AE1, AE2",2,PCB_Antenna,pcb_antenna,,,,smt,Ceramic chip antenna with pin for PCB trace,,,
"C1, C17, C19, C3",4,4.7uF,C_0603_1608Metric,,,,smt,Unpolarized capacitor,,,
"C10, C25, C26, C9",4,4.7uF,C_0402_1005Metric,,,,smt,Unpolarized capacitor,,,
"C11, C12, C15, C16, C27, C28, C31, C32",8,12pF,C_0603_1608Metric,,,,smt,Unpolarized capacitor,,,
"C13, C29",2,1pF,C_0603_1608Metric,,,,smt,Unpolarized capacitor,,,
"C14, C30",2,1.2pF,C_0603_1608Metric,,,,smt,Unpolarized capacitor,,,
"C18, C2",2,100nF,C_0603_1608Metric,,,,smt,Unpolarized capacitor,,,
"C20, C4",2,100nF,C_0402_1005Metric,,,,smt,Unpolarized capacitor,,,
"C21, C5",2,100pF,C_0402_1005Metric,,,,smt,Unpolarized capacitor,,,
"C22, C6",2,820pF,C_0402_1005Metric,,,,smt,Unpolarized capacitor,,,
"C23, C7",2,1uF,C_0402_1005Metric,,,,smt,Unpolarized capacitor,,,
"C24, C8",2,47nF,C_0402_1005Metric,,,,smt,Unpolarized capacitor,,,
"C33, C34",2,100pF,C_0805_2012Metric,,,,smt,Unpolarized capacitor,,,
"C35, C36",2,22uF,C_0805_2012Metric,,,,smt,Unpolarized capacitor,,,
"C37, C38",2,1uF,C_0805_2012Metric,,,,smt,Unpolarized capacitor,,,
"D1, D10, D11, D12, D13, D14, D15, D16, D17, D18, D19, D2, D20, D21, D22, D3, D4, D43, D44, D45, D46, D47, D48, D49, D5, D50, D51, D52, D53, D54, D55, D56, D57, D58, D59, D6, D60, D61, D62, D63, D64, D7, D8, D9",44,1N5819,D_SOD-123,,,,smt,Diode,D,1=K 2=A,
"D23, D24, D25, D26, D27, D28, D29, D30, D31, D32, D33, D34, D35, D36, D37, D38, D39, D40, D41, D42, D65, D66, D67, D68, D69, D70, D71, D72, D73, D74, D75, D76, D77, D78, D79, D80, D81, D82, D83, D84",40,SK6812MINI,SK6812-MINI-E,,,,tht,RGB LED with integrated controller,,,
"F1, F2",2,500mA,Fuse_0603_1608Metric,,,,smt,Fuse,,,C210357
"J1, J4",2,Conn_01x02,PinHeader_1x02_P1.00mm_Vertical,,,,tht,"Generic connector, single row, 01x02, script generated (kicad-library-utils/schlib/autogen/connector/)",,,
"J2, J5",2,SWD_Connector,PinHeader_1x04_P1.00mm_Vertical,,,,tht,"Generic connector, single row, 01x04, script generated (kicad-library-utils/schlib/autogen/connector/)",,,
"J3, J6",2,USB_C_Receptacle_USB2.0_14P,USB_C_Receptacle_G-Switch_GT-USB-7025,,,,smt,USB 2.0-only 14P Type-C Receptacle connector,,,C963213
"L1, L6",2,10uH,L_1008_2520Metric,,,,smt,FNR252010S100MT,,, C280469
"L10, L5",2,2.2nH,L_0201_0603Metric,,,,smt,Inductor,,,
"L2, L7",2,15nH,L_0201_0603Metric,,,,smt,Inductor,,,
"L3, L8",2,1uH,L_0402_1005Metric,,,,smt,Inductor,,,
"L4, L9",2,4.7nH,L_0201_0603Metric,,,,smt,Inductor,,,
"Q1, Q2",2,BSS138,SOT-23,,,,smt,"50V Vds, 0.22A Id, N-Channel MOSFET, SOT-23",,,
"R1, R8",2,100K,R_0402_1005Metric,,,,smt,Resistor,,,
"R10, R13, R14, R2, R3, R6, R7, R9",8,10K,R_0402_1005Metric,,,,smt,Resistor,,,
"R11, R12, R4, R5",4,5.1k,R_0402_1005Metric,,,,smt,Resistor,,,
"R15, R16",2,786k,R_0402_1005Metric,,,,smt,Resistor,,,
"R17, R18",2,243k,R_0402_1005Metric,,,,smt,Resistor,,,
"SW1, SW24",2,Reset Button,SW_SPST_TL3342,,,,smt,"Push button switch, generic, two pins",,,
"SW10, SW11, SW12, SW13, SW14, SW15, SW16, SW17, SW18, SW19, SW20, SW21, SW22, SW26, SW27, SW28, SW29, SW3, SW30, SW31, SW32, SW33, SW34, SW35, SW36, SW37, SW38, SW39, SW4, SW40, SW41, SW42, SW43, SW44, SW45, SW5, SW6, SW7, SW8, SW9",40,SW_Push,SW_Hotswap_Kailh_Choc_V1V2_1.00u,,,,smt,"Push button switch, generic, two pins",,,
"SW2, SW25",2,SW_On_Off,SW_CK_JS202011AQN_DPDT_Angled,,,,tht,"Switch, dual pole double throw, separate symbols",,,
"SW23, SW46",2,SW_Push,SW_Hotswap_Kailh_Choc_V1V2_1.75u_90deg,,,,smt,"Push button switch, generic, two pins",,,
"U2, U5",2,USBLC6-2SC6,SOT-23-6,,,,smt,"Very low capacitance ESD protection diode, 2 data-line, SOT-23-6",,,
"U4, U6",2,TPS61252DSG,WSON-8-1EP_2x2mm_P0.5mm_EP0.9x1.6mm,,,,smt,"Tiny 1.5-A Boost Converter With Adjustable Input Current Limit, 2.3-6.0V Vin, 3.0-6.5V Vout, WSON-8",,,
"U7, U8",2,nRF52833_QDxx,QFN-40-1EP_5x5mm_P0.4mm_EP3.6x3.6mm,,,,smt,"Multiprotocol BLE/ANT/2.4 GHz/802.15.4 Cortex-M4F SoC, QFN-40",,,
"Y1, Y2",2,32MHz,Crystal_SMD_2520-4Pin_2.5x2.0mm,,,,smt,JYJE 2TJ432000NYFBC,,, C2149238
"Y3, Y4",2,32.768 kHz,Crystal_SMD_3215-2Pin_3.2x1.5mm,,,,smt,Two pin crystal,,,  C5162538
