﻿Designator,Footprint,Quantity,Value,LCSC Part #
AE1,pcb_antenna,1,PCB_Antenna,
"C1, C2",0402,2,12pF,
C10,0402,1,1pF,
C11,0402,1,1.2pF,
"C12, C13, C8, C9",0402,4,4.7uF,
"C14, C15, C5",0402,3,1uF,
"C16, C3",0402,2,100nF,
C4,0402,1,100pF,
C6,0402,1,47nF,
C7,0402,1,820pF,
"D1, D10, D11, D12, D13, D14, D15, D16, D17, D18, D19, D2, D20, D21, D22, D3, D4, D5, D6, D7, D8, D9",D_SOD-123,22,1N5819,
"D23, D24, D25, D26, D27, D28, D29, D30, D31, D32, D33, D34, D35, D36, D37, D38, D39, D40, D41, D42",LED_WS2812B_PLCC4_5.0x5.0mm_P3.2mm,20,WS2812B-2020,
F1,0603,1,500mA,C210357
J1,PinHeader_1x02_P1.00mm_Vertical,1,Conn_01x02,
J2,HRO-TYPE-C-31-M-12,1,USB_C_Receptacle_USB2.0_14P,
J3,PinHeader_1x04_P1.00mm_Vertical,1,SWD_Connector,
"L1, L3",1008,2,10uH,
L2,0201,1,15nH,
L4,0201,1,4.7nH,
L5,0201,1,2.2nH,
Q1,SOT-23,1,BSS138,
"R1, R2",0201,2,5.1k,
R3,0201,1,2M,
R4,1206,1,810K,
"R5, R6",0201,2,10K,
R7,0201,1,100K,
"SW1, SW10, SW11, SW12, SW13, SW14, SW15, SW16, SW17, SW18, SW19, SW20, SW21, SW22, SW4, SW5, SW6, SW7, SW8, SW9",SW_Hotswap_Kailh_Choc_V1V2_1.00u,20,SW_Push,
SW2,SW_SPST_TL3342,1,Reset Button,
SW23,SW_Hotswap_Kailh_Choc_V1V2_1.75u_90deg,1,SW_Push,
SW3,SW_CK_JS202011AQN_DPDT_Angled,1,SW_On_Off,
U1,Nordic_AQFN-73-1EP_7x7mm_P0.5mm,1,nRF52840,
U2,SOT-223-3_TabPin2,1,AMS1117-5.0,
U3,SOT-23-6,1,USBLC6-2SC6,
Y2,Crystal_SMD_EuroQuartz_X22-4Pin_2.5x2.0mm,1,Seiko Epson Q24FA20H00478,
