﻿Designator,Footprint,Quantity,Value,LCSC Part #
"AE1, AE2",pcb_antenna,2,PCB_Antenna,
"C1, C10, C17, C19, C25, C26, C3, C9",0402,8,4.7uF,
"C11, C12, C27, C28",0402,4,12pF,
"C13, C29",0402,2,1pF,
"C14, C30",0402,2,1.2pF,
"C15, C16, C23, C31, C32, C7",0402,6,1uF,
"C18, C2, C20, C4",0402,4,100nF,
"C21, C5",0402,2,100pF,
"C22, C6",0402,2,820pF,
"C24, C8",0402,2,47nF,
"D1, D10, D11, D12, D13, D14, D15, D16, D17, D18, D19, D2, D20, D21, D22, D3, D4, D43, D44, D45, D46, D47, D48, D49, D5, D50, D51, D52, D53, D54, D55, D56, D57, D58, D59, D6, D60, D61, D62, D63, D64, D7, D8, D9",D_SOD-123,44,1N5819,
"D23, D24, D25, D26, D27, D28, D29, D30, D31, D32, D33, D34, D35, D36, D37, D38, D39, D40, D41, D42, D65, D66, D67, D68, D69, D70, D71, D72, D73, D74, D75, D76, D77, D78, D79, D80, D81, D82, D83, D84",SK6812-MINI-E,40,SK6812MINI,
"F1, F2",0603,2,500mA,C210357
"J1, J4",PinHeader_1x02_P1.00mm_Vertical,2,Conn_01x02,
"J2, J5",PinHeader_1x04_P1.00mm_Vertical,2,SWD_Connector,
"J3, J6",USB_C_Receptacle_G-Switch_GT-USB-7025,2,USB_C_Receptacle_USB2.0_14P,C963213
"L1, L3, L6, L8",1008,4,10uH, C280469
"L10, L5",0201,2,2.2nH,
"L2, L7",0201,2,15nH,
"L4, L9",0201,2,4.7nH,
"P2_3, P2_2, P2",Panel_2x5,3,Breakoff,
"Q1, Q2",SOT-23,2,BSS138,
"R1, R8",0201,2,100K,
"R10, R13, R14, R2, R3, R6, R7, R9",0201,8,10K,
"R11, R12, R4, R5",0201,4,5.1k,
"SW1, SW24",SW_SPST_TL3342,2,Reset Button,
"SW10, SW11, SW12, SW13, SW14, SW15, SW16, SW17, SW18, SW19, SW20, SW21, SW22, SW26, SW27, SW28, SW29, SW3, SW30, SW31, SW32, SW33, SW34, SW35, SW36, SW37, SW38, SW39, SW4, SW40, SW41, SW42, SW43, SW44, SW45, SW5, SW6, SW7, SW8, SW9",SW_Hotswap_Kailh_Choc_V1V2_1.00u,40,SW_Push,
"SW2, SW25",SW_CK_JS202011AQN_DPDT_Angled,2,SW_On_Off,
"SW23, SW46",SW_Hotswap_Kailh_Choc_V1V2_1.75u_90deg,2,SW_Push,
"U1, U4",Nordic_AQFN-73-1EP_7x7mm_P0.5mm,2,nRF52840,
"U2, U5",SOT-23-6,2,USBLC6-2SC6,
"U3, U6",SOT-223-3_TabPin2,2,AMS1117-5.0,
"Y1, Y2",Crystal_SMD_2520-4Pin_2.5x2.0mm,2,JYJE 2TJ432000NYFBC, C2149238
